id,t,comp,y,obs_type,tad,CP,CLUNG,CCELL,CCAS,AUC,AUCLUNG,AUCCELL,AUCCAS,TAD
1,264,obs,0.26030979725569725,1,24,0.26030979725569725,1.267750150771541,1.434087045575096,0.6118331185812435,420.2850718357013,1660.5845014949987,1660.5845014949987,1660.5845014949987,0
1,265,obs,3.1167276105318558,1,1,3.1167276105318558,4.860078193628105,7.2501045713222805,6.843252070171427,422.24972960170913,1663.2236116185863,1663.2236116185863,1663.2236116185863,1
1,266,obs,3.83871163642965,1,2,3.8387116364296503,9.619925782890887,13.772338123100816,8.837824838818545,425.82910920797065,1670.5817074428196,1670.5817074428196,1670.5817074428196,2
1,267,obs,3.7892338604050764,1,3,3.7892338604050773,12.4347612765655,16.76142580851602,8.835510114838883,429.67843679677816,1681.786144225201,1681.786144225201,1681.786144225201,3
1,268,obs,3.484524029065829,1,4,3.4845240290658297,13.401813054805087,17.15639644937461,8.16296036644138,433.32572266365423,1694.8311162027026,1694.8311162027026,1694.8311162027026,4
1,269,obs,3.117295500342757,1,5,3.117295500342757,13.187956755090807,16.22468564612168,7.316535034808639,436.62787262732667,1708.197949168606,1708.197949168606,1708.197949168606,5
1,270,obs,2.7569990479468585,1,6,2.756999047946859,12.352047131702411,14.76489598468449,6.476091038374673,439.56308836949626,1721.0020581200245,1721.0020581200245,1721.0020581200245,6
1,271,obs,2.426423519862858,1,7,2.426423519862858,11.250753455305441,13.18344896144997,5.701554882059976,442.1519501693824,1732.8153187638598,1732.8153187638598,1732.8153187638598,7
1,272,obs,2.1309598394867235,1,8,2.130959839486723,10.084455870662042,11.661435479316294,5.008033955646254,444.42770084078734,1743.4829623761684,1743.4829623761684,1743.4829623761684,8
1,273,obs,1.8697482500122835,1,9,1.8697482500122837,8.955392677085898,10.267896632906002,4.394440418631327,446.4253067586887,1752.9972402432306,1752.9972402432306,1752.9972402432306,9
1,274,obs,1.6398958946217346,1,10,1.6398958946217346,7.90996600250746,9.020845488796855,3.8543321037711396,448.1776544008222,1761.4219427848946,1761.4219427848946,1761.4219427848946,10
1,275,obs,1.4380473142633516,1,11,1.4380473142633516,6.964798923463833,7.916851489204645,3.379959102372353,449.7144315934769,1768.850749977066,1768.850749977066,1768.850749977066,11
1,276,obs,1.260946864717868,1,12,1.2609468647178679,6.1215259914750835,6.944484645979592,2.963721706205699,451.06199512181826,1775.385578374194,1775.385578374194,1775.385578374194,12
1,277,obs,1.1056199413189287,1,13,1.1056199413189287,5.374774645163018,6.090115770709314,2.59864844550009,452.2435795466229,1781.1260050456535,1781.1260050456535,1781.1260050456535,13
1,278,obs,0.9694124517034077,1,14,0.9694124517034077,4.716309251576634,5.340275612123349,2.2785088094825214,453.279604693731,1786.1645637605075,1786.1645637605075,1786.1645637605075,14
1,279,obs,0.849979698668509,1,15,0.8499796986685088,4.137102725881476,4.682522934289191,1.9977947528819235,454.1879928910108,1790.585040329878,1790.585040329878,1790.585040329878,15
1,280,obs,0.745259124319764,1,16,0.745259124319764,3.628321960369133,4.105689601610543,1.751659557549435,454.9844653578977,1794.4622371904234,1794.4622371904234,1794.4622371904234,16
1,281,obs,0.6534397084475401,1,17,0.6534397084475401,3.1817580048710896,3.5998775360467827,1.5358470258198746,455.6828090612824,1797.8624143826469,1797.8624143826469,1797.8624143826469,17
1,282,obs,0.5729325703385368,1,18,0.5729325703385368,2.7899796923150046,3.1563652688755415,1.3466228115604695,456.29511336708583,1800.8440061374738,1800.8440061374738,1800.8440061374738,18
1,283,obs,0.5023442097761717,1,19,0.5023442097761717,2.446354215244077,2.767488601411363,1.1807116898494225,456.83197855883503,1803.4584162555911,1803.4584162555911,1803.4584162555911,19
1,284,obs,0.44045266857859333,1,20,0.44045266857859344,2.145007306185576,2.426520693252068,1.0352415898105627,457.3026990576036,1805.7507997007885,1805.7507997007885,1805.7507997007885,20
1,285,obs,0.38618648507690106,1,21,0.38618648507690106,1.8807591354705557,2.1275607313895626,0.9076941532031806,457.71542421833533,1807.7607901882807,1807.7607901882807,1807.7607901882807,21
1,286,obs,0.3386061863467281,1,22,0.3386061863467282,1.6490534377386672,1.8654338206442598,0.7958612429075602,458.07729937264605,1809.523159313259,1809.523159313259,1809.523159313259,22
1,287,obs,0.29688803957436466,1,23,0.29688803957436466,1.445888019213202,1.6356022080099615,0.6978067556030542,458.3945895163802,1811.0684050599648,1811.0684050599648,1811.0684050599648,23
1,288,obs,0.2603097972556973,1,24,0.2603097972556973,1.2677501507715416,1.434087045575097,0.6118331185812437,458.6727877666026,1812.423273088098,1812.423273088098,1812.423273088098,24
